{"cameraMode":{"drawMode":0,"name":"Shaded","section":"Shading Mode"},"sceneLighting":true,"audioPlay":false,"sceneViewState":{"showFog":false,"showMaterialUpdate":false,"showSkybox":false,"showFlares":false,"showImageEffects":false,"showParticleSystems":false},"in2DMode":false,"pivot":{"x":278.29425048828127,"y":221.089111328125,"z":6.064064025878906},"rotation":{"x":0.03298953175544739,"y":-0.016490288078784944,"z":0.0005443774862214923,"w":0.9993197321891785},"size":464.3504333496094,"orthographic":true}